SNR (dB),NMSE
0,0.00036190807822891454
5,0.00035907199871984834
10,0.00035718565959541593
12,0.000356706645619076
14,0.0003564465679829062
16,0.0003562308956478666
18,0.0003560795059313614
20,0.00035598658562947463
22,0.00035592181625992075
24,0.00035588767093651006
26,0.00035585810019444613
28,0.0003558443002147898
30,0.0003558326396378257
