SNR (dB),NMSE
0,5.6159276505570524e-05
5,5.6223336140671484e-05
10,5.639818855521923e-05
12,5.6443783924517654e-05
14,5.647040492529387e-05
16,5.64910668984247e-05
18,5.6499862065726315e-05
20,5.6507975387862824e-05
22,5.651181651539849e-05
24,5.651421583915449e-05
26,5.651617171127668e-05
28,5.6517534669586045e-05
30,5.6517797097409244e-05
