SNR (dB),NMSE
0,0.27429654299306605
5,0.26914663533352345
10,0.26714788859721667
12,0.26655663318804795
14,0.26617862698409944
16,0.26596480935973965
18,0.2657097842781486
20,0.26565351275684734
22,0.265446648863096
24,0.2654028109214066
26,0.26530310564855686
28,0.2652847068919366
30,0.2652179956866147
