SNR (dB),NMSE
0,0.00016545842315825524
5,0.00016108624553204853
10,0.00015912196093976005
12,0.00015872670505522445
14,0.0001584652543362616
16,0.0001582966366528864
18,0.00015818183913571577
20,0.00015811268363851949
22,0.00015806763984951253
24,0.00015803733049418514
26,0.0001580202740866377
28,0.00015800989896086332
30,0.00015800126848318643
