SNR (dB),NMSE
0,0.3976294057247061
5,0.3873114681669644
10,0.3886367939026953
12,0.3876867501246386
14,0.3911939818435204
16,0.39162797564891305
18,0.3932057665988772
20,0.3935127305888858
22,0.3933664894591454
24,0.39466377421750787
26,0.3945607847185115
28,0.39490471177157904
30,0.39450797670777293
