Task,Loss
S1_Compact,0.9999771805909964
S2_Dense,0.9999615183243384
S3_Standard,0.9999985924133887
