Task,Loss
S1_Compact,0.0002405714112118442
S2_Dense,0.0001337526360354091
S3_Standard,0.00044732095644331747
