Task,Loss
S1_Compact_loss,0.00023129981582197283
S2_Dense_loss,0.00012466606616982987
S3_Standard_loss,0.000846367659450038
