Task,Loss
S1_Compact,0.00022643853047769877
S2_Dense,0.00011835399313960034
S3_Standard,0.0008657428146421339
