Task,Loss
S1_Compact,0.6923496814874502
S2_Dense,0.7350590458283057
S3_Standard,0.25816154938477737
