Task,Loss
S1_Compact,0.10167323110195306
S2_Dense,0.10062471547952065
S3_Standard,0.10326314946779838
