Task,Loss
S1_Compact,0.0002859050357290501
S2_Dense,0.00013766314355329097
S3_Standard,0.0009011449311300923
