Task,Loss
S1_Compact_loss,0.00020553140263342723
S2_Dense_loss,0.00011456694977456553
S3_Standard_loss,0.0008402556519414108
