Task,Loss
S1_Compact,0.00024089007896300704
S2_Dense,0.0001341069403162767
S3_Standard,0.0008342829429847209
