Task,Loss
S1_Compact,0.00024007472446002187
S2_Dense,0.00012771848395827797
S3_Standard,0.0009260768954871287
