Task,Loss
S1_Compact,0.6977250300920926
S2_Dense,0.7327004900345435
S3_Standard,0.576715730703794
