Task,Loss
S1_Compact_loss,0.00023923658671236764
S2_Dense_loss,0.00013790086015779104
S3_Standard_loss,0.0004412018353543098
