Task,Loss
S1_Compact,0.7091092329758865
S2_Dense,0.7554113773199228
S3_Standard,0.5505370039206284
