Task,Loss
S1_Compact,0.00023225530951370016
S2_Dense,0.0001258941941349148
S3_Standard,0.00040229239621265313
