Task,Loss
S1_Compact,0.6968403504445002
S2_Dense,0.7504068246254554
S3_Standard,0.5360812178024879
