Task,Loss
S1_Compact_loss,0.9999767220937289
S2_Dense_loss,0.9999826963131244
S3_Standard_loss,0.999998546563662
