Task,Loss
S1_Compact_loss,0.6152467452562772
S2_Dense_loss,0.5713901978272659
S3_Standard_loss,0.5360174637574416
