Task,Loss
S1_Compact_loss,9.196458324337404e-05
S2_Dense_loss,7.391155782223661e-05
S3_Standard_loss,0.0008076588523342537
