Task,Loss
S1_Compact_loss,9.969207453873858e-05
S2_Dense_loss,9.599374938571677e-05
S3_Standard_loss,0.0006316454325458492
