Task,Loss
S1_Compact_loss,9.034282554602889e-05
S2_Dense_loss,8.834660501896438e-05
S3_Standard_loss,0.0008504925394284406
\