Task,Loss
S1_Compact_loss,0.626758139867049
S2_Dense_loss,0.5938588243264419
S3_Standard_loss,0.5464431735185477
