Task,Loss
S1_Compact,0.0001820388942724094
S2_Dense,9.159059860394336e-05
S3_Standard,0.0008206762932240963
