Task,Loss
S1_Compact,0.0001661763113224879
S2_Dense,8.49603304232005e-05
S3_Standard,0.0008863049885258078
