Task,Loss
S1_Compact,0.0001790486095706001
S2_Dense,0.00010187527848756872
S3_Standard,0.0008704935270361602
