Task,Loss
S1_Compact_loss,0.645180500470675
S2_Dense_loss,0.5829207667937646
S3_Standard_loss,0.5637872860981867
