Task,Loss
S1_Compact_loss,0.6334958855922406
S2_Dense_loss,0.5964936568186834
S3_Standard_loss,0.5345808405142564
