Task,Loss
S1_Compact_loss,0.9999748743497409
S2_Dense_loss,0.999978666122143
S3_Standard_loss,0.9999985098838806
