Task,Loss
S1_Compact_loss,9.796305705875958e-05
S2_Dense_loss,7.82660626933568e-05
S3_Standard_loss,0.0008090702889028363
