Task,Loss
S1_Compact_loss,9.946384115095966e-05
S2_Dense_loss,7.652754217455495e-05
S3_Standard_loss,0.000911167201806819
