Task,Loss
S1_Compact_loss,8.795420785380817e-05
S2_Dense_loss,9.306279137221056e-05
S3_Standard_loss,0.00035048340473528246
