SNR (dB),NMSE
0,0.3545839282805505
5,0.35164175971602063
10,0.3506379097576714
12,0.35044410041924834
14,0.3503444416228659
16,0.3503191582087281
18,0.350219486501091
20,0.35016245460504086
22,0.35008103762199916
24,0.3501465173812263
26,0.3500791486607205
28,0.35007541548792376
30,0.3500743006311712
