SNR (dB),NMSE
0,1.5653511352420593
5,1.561827141506208
10,1.5608367815336086
12,1.5606556514868084
14,1.5607469552668973
16,1.5606294503863554
18,1.56063270449299
20,1.5605961527544272
22,1.5605226652484627
24,1.560586157067839
26,1.5606068954735561
28,1.5605886423069497
30,1.560607398403172
