SNR (dB),NMSE
0,0.3968113972641543
5,0.3824835113610293
10,0.374424504791049
12,0.37242242599804704
14,0.37092810147297306
16,0.36984168577700177
18,0.36909750281345277
20,0.36855042775934777
22,0.3681812122093965
24,0.3679645202945972
26,0.3677869792603434
28,0.36767487089857304
30,0.36759283770006884
