SNR (dB),NMSE
0,1.402137459350237
5,1.3980739715684583
10,1.3965249084761486
12,1.3963235780966947
14,1.396065919935765
16,1.396090130354461
18,1.3959420070622894
20,1.3959113273569084
22,1.3958481532361504
24,1.3958124738711069
26,1.395819761449043
28,1.3958248997388667
30,1.3958090521572601
