SNR (dB),NMSE
0,4.236989609952527e-05
5,4.181127312549732e-05
10,4.1338390483210216e-05
12,4.119274910510104e-05
14,4.107486727767484e-05
16,4.0982621889586724e-05
18,4.091405129916633e-05
20,4.0865313545174534e-05
22,4.083186134052062e-05
24,4.08094112367837e-05
26,4.079469166289175e-05
28,4.0785067295807005e-05
30,4.077893516806468e-05
