SNR (dB),NMSE
0,5.473395637899629e-06
5,3.395510519001479e-06
10,1.6998992690108122e-06
12,1.2166132624657654e-06
14,8.434559091301778e-07
16,5.716765090556343e-07
18,3.813015256286656e-07
20,2.502090784444644e-07
22,1.6450084825117635e-07
24,1.0843063730904008e-07
26,7.236220719985028e-08
28,4.906076478796669e-08
30,3.42058578921873e-08
