SNR (dB),NMSE
0,0.00037052131609291135
5,0.000367315895858289
10,0.00036592041916654646
12,0.00036564842017887373
14,0.00036545139878201195
16,0.00036533794349071993
18,0.00036527024970591643
20,0.0003652209493837885
22,0.00036518715295986916
24,0.00036516776229180185
26,0.00036515536662468936
28,0.00036514976272130153
30,0.000365143634067716
