SNR (dB),NMSE
0,0.7621853449565067
5,0.6845700061160832
10,0.6240460243486794
12,0.604992039397544
14,0.5989194146095241
16,0.5859847792750128
18,0.5967219830481008
20,0.5789661838732829
22,0.5816974001734153
24,0.5770995071578161
26,0.5698420339751811
28,0.5735348405501579
30,0.5703195900372837
