SNR (dB),NMSE
0,8.577900771429574
5,8.570302123323422
10,8.566723356042713
12,8.566612594269262
14,8.566464050077133
16,8.566153141097253
18,8.565936964591407
20,8.565720254435796
22,8.565702571462277
24,8.565886648499077
26,8.565897802573554
28,8.565751557194051
30,8.565720458524629
