SNR (dB),NMSE
0,723.6516301838168
5,723.6310158177408
10,723.6331565765737
12,723.6280966779183
14,723.6225959412429
16,723.6256660214215
18,723.6270812055864
20,723.6255350088851
22,723.6266688768507
24,723.6256089722178
26,723.6266428578962
28,723.6272962263653
30,723.626508255815
