SNR (dB),NMSE
0,7.336076405527247e-07
5,2.694664484187138e-07
10,1.1011362864171807e-07
12,8.776783358841297e-08
14,7.530097917659616e-08
16,6.792319943737711e-08
18,6.343888618348888e-08
20,6.073863287710857e-08
22,5.895670953154387e-08
24,5.7882454986896e-08
26,5.720263131582149e-08
28,5.677462570554323e-08
30,5.648698701158099e-08
