SNR (dB),NMSE
0,41.93935445483242
5,41.572399904747066
10,41.467296810531465
12,41.43934012693401
14,41.42538237042617
16,41.41140629986675
18,41.412377866066024
20,41.40818717887559
22,41.40795032536576
24,41.40689467947244
26,41.407158109635176
28,41.40746104633956
30,41.40579439116561
