SNR (dB),NMSE
0,0.6499983401772398
5,0.4862747843961538
10,0.424558831128151
12,0.4132122600809758
14,0.4056691016315427
16,0.4007049591567822
18,0.39750653702002137
20,0.3953489743898127
22,0.39414776611772384
24,0.39331836701519246
26,0.392775222952198
28,0.39241163013792185
30,0.39223710082733604
