SNR (dB),NMSE
0,2.5039603347011404e-06
5,1.6850441870576866e-06
10,9.87613443249871e-07
12,7.57077010359855e-07
14,5.641972606631748e-07
16,4.066749705537533e-07
18,2.864356498498936e-07
20,1.9668475968125107e-07
22,1.3326139110169968e-07
24,9.00777033708619e-08
26,6.088049734827964e-08
28,4.199585583473238e-08
30,2.97109532255166e-08
