SNR (dB),NMSE
0,4.790052909056405e-05
5,4.781910980487006e-05
10,4.772658824297257e-05
12,4.769377690961764e-05
14,4.76650523167969e-05
16,4.7641187234666505e-05
18,4.7622502691789256e-05
20,4.760822496238056e-05
22,4.759765874950972e-05
24,4.759037992971759e-05
26,4.758538029941133e-05
28,4.7581968106900734e-05
30,4.7579727158560104e-05
