SNR (dB),NMSE
0,406.60509231075736
5,428.7148389785587
10,409.2124417008481
12,418.0157534474387
14,470.5609175948191
16,450.99667257524055
18,442.95605853368096
20,447.35379755476924
22,423.3197536039365
24,430.60208979242833
26,449.3478359144266
28,431.24668166132386
30,435.0939272105632
