SNR (dB),NMSE
0,0.3874751456297826
5,0.3886381762977651
10,0.38707122513658015
12,0.38694468768039725
14,0.3923803838837591
16,0.3844644235520321
18,0.38515418832716736
20,0.3882145790641599
22,0.3866101289187282
24,0.3822887177149115
26,0.38290492950034316
28,0.38448498108834955
30,0.3866265568512012
