SNR (dB),NMSE
0,5.6168091814978656e-05
5,5.616809303658256e-05
10,5.616809149580816e-05
12,5.6168091910070756e-05
14,5.6168093584539e-05
16,5.6168092219355445e-05
18,5.616809122512521e-05
20,5.616809280403061e-05
22,5.616809182345221e-05
24,5.6168092657155686e-05
26,5.6168093708347026e-05
28,5.616809155747679e-05
30,5.616809199056951e-05
