SNR (dB),NMSE
0,1.0097357748427254
5,1.00449102492251
10,1.0027082577255202
12,1.0025243775043675
14,1.0024062454330256
16,1.002262965924498
18,1.0021407118001586
20,1.0020630535424744
22,1.002094541747686
24,1.002037902449414
26,1.0020131936709455
28,1.002016083501264
30,1.0020235374215103
