SNR (dB),NMSE
0,1.1762061621766053e-06
5,6.87730893061415e-07
10,3.3676041622195993e-07
12,2.4284561062599895e-07
14,1.7368900070491346e-07
16,1.2342418748594015e-07
18,8.755578793799336e-08
20,6.26486009375147e-08
22,4.589651601858944e-08
24,3.465664488526717e-08
26,2.7258123875488296e-08
28,2.2397536173607556e-08
30,1.9327453145601066e-08
