SNR (dB),NMSE
0,0.36858368194498137
5,0.3610535205706306
10,0.3601236567826745
12,0.3603573092886133
14,0.360337749262404
16,0.36092778023787414
18,0.3607678041479109
20,0.3611012499308981
22,0.36123941221715994
24,0.3615776922546065
26,0.361458577447056
28,0.3615428559929441
30,0.36174828863045194
