SNR (dB),NMSE
0,2.7930737578016518e-05
5,2.7695825736977528e-05
10,2.7486016015612882e-05
12,2.7422410248496293e-05
14,2.737426797321477e-05
16,2.7338459707236445e-05
18,2.731208694884938e-05
20,2.729424400421113e-05
22,2.7282038288738978e-05
24,2.7273829413874558e-05
26,2.7268562470270966e-05
28,2.726524373116549e-05
30,2.7263029717896475e-05
