SNR (dB),NMSE
0,0.00015976619800559295
5,0.00015872739485893895
10,0.00015843078807985093
12,0.0001583967237805552
14,0.00015837868815037884
16,0.000158366218575053
18,0.0001583657745909976
20,0.0001583627860121207
22,0.00015835874447375564
24,0.00015836103987079485
26,0.00015836233345847858
28,0.0001583613636565577
30,0.00015836185204014846
