SNR (dB),NMSE
0,0.5148575853548681
5,0.5104697840770333
10,0.5066260757237118
12,0.5054588725454874
14,0.5045648083962331
16,0.5038962045811718
18,0.5034172535713909
20,0.5030868591058143
22,0.5028606757529342
24,0.5027141024167678
26,0.5026159025265934
28,0.5025529940159487
30,0.5025121748416567
