SNR (dB),NMSE
0,0.00015972815962683005
5,0.0001587534290355625
10,0.00015843059570006687
12,0.00015838978783085057
14,0.00015837519443852118
16,0.0001583656824420489
18,0.00015835858672067564
20,0.00015836126135629239
22,0.0001583623966184605
24,0.0001583619869899555
26,0.0001583613847255768
28,0.00015836101435410188
30,0.00015836405679464844
