SNR (dB),NMSE
0,1.087564073688125
5,1.080568017362854
10,1.0778641481334286
12,1.0774970150901695
14,1.0770722579029746
16,1.0766525220744867
18,1.0765006304448606
20,1.0761115474040248
22,1.0760892073616124
24,1.0760307428282425
26,1.0759709312514967
28,1.075845411156283
30,1.0759061026978876
