SNR (dB),NMSE
0,0.021583959902540296
5,0.01273070047231098
10,0.006194650087649954
12,0.004473813584276357
14,0.003195599332368305
16,0.0022697981377415443
18,0.0016136860806911565
20,0.0011544816535087707
22,0.0008456703141273766
24,0.0006376441707207935
26,0.0005015061632647967
28,0.0004131701345903676
30,0.00035559776338335607
