SNR (dB),NMSE
0,1.1750922236460465e-06
5,6.89213148259684e-07
10,3.35151627054743e-07
12,2.4351705114501045e-07
14,1.7357119034349313e-07
16,1.2330715692770298e-07
18,8.753301788254098e-08
20,6.260077534447744e-08
22,4.581386497155242e-08
24,3.463326106025512e-08
26,2.719917740344615e-08
28,2.241770872466524e-08
30,1.9341702503850653e-08
