SNR (dB),NMSE
0,2.7932131611198942e-05
5,2.7696469465982298e-05
10,2.7485865186131934e-05
12,2.742329239786526e-05
14,2.7374315790416544e-05
16,2.7337980679625217e-05
18,2.7312182639037153e-05
20,2.7294336545297035e-05
22,2.7282014134875803e-05
24,2.7273893476289924e-05
26,2.7268591026615737e-05
28,2.7265204477195274e-05
30,2.7263030139220366e-05
