SNR (dB),NMSE
0,2.944917190765989
5,2.92621111308319
10,2.92026065845297
12,2.9194826903920736
14,2.9191274290622884
16,2.918985426765298
18,2.918919561473232
20,2.918750599180936
22,2.918879446436653
24,2.9189594518508972
26,2.9189214882581624
28,2.9189264175499448
30,2.9189470309463346
