Epoch,Average Loss
1,6.427686767183204
2,0.6403983476207465
3,0.6327739173792898
4,0.09049673089700315
5,0.204498360126931
6,0.03872256038336259
7,0.03456195740590239
8,0.029961891754357723
9,0.0076494470687022064
10,0.013758442001564918
Total Training Time,00:00:13 (13.32 seconds)
