SNR (dB),NMSE
0,0.0001579775496616442
5,0.00015797755028492113
10,0.00015797754798764672
12,0.00015797754306168783
14,0.0001579775386855684
16,0.00015797753500804634
18,0.00015797753685716393
20,0.00015797753202158963
22,0.00015797753310055538
24,0.00015797753208184599
26,0.00015797753186906567
28,0.00015797753007832144
30,0.00015797753264863254
