SNR (dB),NMSE
0,2.725298335939269e-05
5,2.725298218251031e-05
10,2.725298096161253e-05
12,2.725298065256322e-05
14,2.725298019240221e-05
16,2.7252979641385878e-05
18,2.725297921064693e-05
20,2.725297923324307e-05
22,2.7252979115554834e-05
24,2.7252978962560125e-05
26,2.7252978926312146e-05
28,2.7252979073422443e-05
30,2.7252978887710405e-05
