SNR (dB),NMSE
0,0.36856294675550844
5,0.3665986839705002
10,0.366127003755567
12,0.3660005599291181
14,0.3659743682768651
16,0.3659346871170568
18,0.3659107601944951
20,0.3657991249060285
22,0.3658243069429082
24,0.3658599964811565
26,0.36589018760661657
28,0.365790448427262
30,0.36583021088015466
