SNR (dB),NMSE
0,2.0977372539193055
5,2.103112216757352
10,2.10845818328353
12,2.0955544662783328
14,2.1218493298124175
16,2.1057458117615826
18,2.122548380988124
20,2.1211537765608965
22,2.1037563590764785
24,2.1081676932464415
26,2.105361391298519
28,2.107637920040892
30,2.103897859747319
