SNR (dB),NMSE
0,0.3470265011671414
5,0.3444670845154773
10,0.34364065399883204
12,0.3435133964856836
14,0.34341959709274594
16,0.3433678937886936
18,0.34333788840327695
20,0.3433022196664943
22,0.34329295679772615
24,0.3432838970999663
26,0.34326716989093686
28,0.34327299751757834
30,0.34328279893374836
